Query,Type,Time
1,SQL,6.500059604644775
2,SQL,26.290305137634277
3,DF,1.4066828727722167
3,RDD,284.63047924041746
4,SQL,1.421171236038208
5,SQL,1.3023694276809692
Query,Type,Time
1,SQL,6.732602763175964
2,SQL,28.359679794311525
3,DF,1.521395778656006
3,RDD,287.31287159919736
4,SQL,1.5434584140777587
5,SQL,1.2926337242126464
